{"best/epoch": 473, "best/precision": 0.7189980953826235, "best/recall": 0.5707385776035891, "best/mAP_0.5": 0.5905193055740043, "best/mAP_0.5:0.95": 0.3393234753854398, "Labels": {"_type": "images/separated", "width": 2000, "height": 2000, "format": "jpg", "count": 2, "filenames": ["media/images/Labels_0_a5b46431879524f8012f.jpg", "media/images/Labels_0_9ba159d41da7e2944ba8.jpg"], "captions": ["labels_correlogram.jpg", "labels.jpg"]}, "Mosaics": {"_type": "images/separated", "width": 1024, "height": 1024, "format": "jpg", "count": 3, "filenames": ["media/images/Mosaics_0_24f72c87bb75981767c8.jpg", "media/images/Mosaics_0_fe9c00454db97a0227b3.jpg", "media/images/Mosaics_0_ddce08206fab82e47a39.jpg"], "captions": ["train_batch0.jpg", "train_batch1.jpg", "train_batch2.jpg"]}, "train/box_loss": 0.10126493126153946, "train/obj_loss": 0.02483697235584259, "train/cls_loss": 0.004554057493805885, "metrics/precision": 0.718649043257854, "metrics/recall": 0.570595029421613, "metrics/mAP_0.5": 0.5904206543307071, "metrics/mAP_0.5:0.95": 0.33913200961818596, "val/box_loss": 0.08645415306091309, "val/obj_loss": 0.01825076900422573, "val/cls_loss": 0.009414413943886757, "x/lr0": 0.0081124, "x/lr1": 0.0081124, "x/lr2": 0.0081124, "_timestamp": 1661615706.3288329, "_runtime": 207568.2261967659, "_step": 574, "BoundingBoxDebugger": {"_type": "images/separated", "width": 288, "height": 288, "format": "png", "count": 16, "filenames": ["media/images/BoundingBoxDebugger_299_d7aa0d06ec318ad7ae1b.png", "media/images/BoundingBoxDebugger_299_a89110e540901393696b.png", "media/images/BoundingBoxDebugger_299_9388026543511f4646df.png", "media/images/BoundingBoxDebugger_299_eb18b2eb7ec69a446657.png", "media/images/BoundingBoxDebugger_299_4b0527812267406cbd6f.png", "media/images/BoundingBoxDebugger_299_d104401cc0defc67bc6c.png", "media/images/BoundingBoxDebugger_299_7e9b96cc8a64dedd6690.png", "media/images/BoundingBoxDebugger_299_e2c62f8b1c3f933a153c.png", "media/images/BoundingBoxDebugger_299_7f4b6649f0581f69a2b6.png", "media/images/BoundingBoxDebugger_299_4ffc0a559b38a9aeb8fe.png", "media/images/BoundingBoxDebugger_299_c1d55d0887bb9a0e840d.png", "media/images/BoundingBoxDebugger_299_6ef10c8fe6a67ef345b0.png", "media/images/BoundingBoxDebugger_299_ec59cbe5bb514764388f.png", "media/images/BoundingBoxDebugger_299_b8e6e87b96e7537ac28c.png", "media/images/BoundingBoxDebugger_299_b2e305f9bfdac923be1b.png", "media/images/BoundingBoxDebugger_299_f22f2ab47a7c02eb2100.png"], "captions": ["P0003__1__0___0.jpg", "P1720__1__824___824.jpg", "P1720__1__824___2976.jpg", "P1720__1__824___2472.jpg", "P1720__1__824___1648.jpg", "P1720__1__824___0.jpg", "P1720__1__2976___824.jpg", "P1720__1__2976___2976.jpg", "P1732__1__0___0.jpg", "P1720__1__2976___2472.jpg", "P1720__1__2976___0.jpg", "P1720__1__2472___824.jpg", "P1720__1__2472___2976.jpg", "P1720__1__2472___2472.jpg", "P1720__1__2472___1648.jpg", "P1720__1__2472___0.jpg"], "all_boxes": [{"predictions": {"_type": "boxes2D", "sha256": "9a17b602adc36267beb9df4a95bbac76a4c6dfa70008a4aa175d79d1eb4b9da7", "size": 59924, "path": "media/metadata/boxes2D/BoundingBoxDebugger_299_9a17b602adc36267beb9.boxes2D.json"}}, {"predictions": {"_type": "boxes2D", "sha256": "8b5aa529606f3e79d9622a0217cb25766d3cff91ee7bceff04b561c44472bf90", "size": 2074, "path": "media/metadata/boxes2D/BoundingBoxDebugger_299_8b5aa529606f3e79d962.boxes2D.json"}}, {"predictions": {"_type": "boxes2D", "sha256": "10302e2f60cf91cc9ce83afd1547c4c49254ae9a053b08d46571ebd3bd877f3e", "size": 3670, "path": "media/metadata/boxes2D/BoundingBoxDebugger_299_10302e2f60cf91cc9ce8.boxes2D.json"}}, {"predictions": {"_type": "boxes2D", "sha256": "df16a101a8c8e26ba9467997585171ccd5761e8f2139443ab8e7cabac649d678", "size": 6718, "path": "media/metadata/boxes2D/BoundingBoxDebugger_299_df16a101a8c8e26ba946.boxes2D.json"}}, {"predictions": {"_type": "boxes2D", "sha256": "094636eaa24c138e271d634bdb64a0b9df4d930296099a8bba348870978c60b4", "size": 1903, "path": "media/metadata/boxes2D/BoundingBoxDebugger_299_094636eaa24c138e271d.boxes2D.json"}}, {"predictions": {"_type": "boxes2D", "sha256": "ad5ce1b7a642f09c4694d56a0a89d418497648294bb73e373c0a35895cdfeea1", "size": 1136, "path": "media/metadata/boxes2D/BoundingBoxDebugger_299_ad5ce1b7a642f09c4694.boxes2D.json"}}, {"predictions": {"_type": "boxes2D", "sha256": "0e9747613240240536d7d0cad18b70c5b98dfab048719a73be6304bec4d18f8c", "size": 1348, "path": "media/metadata/boxes2D/BoundingBoxDebugger_299_0e9747613240240536d7.boxes2D.json"}}, {"predictions": {"_type": "boxes2D", "sha256": "c5a8d7632cc3c278b86879f4599418a2e06f7e9f1e4ed0f282aff09d29cb885d", "size": 1696, "path": "media/metadata/boxes2D/BoundingBoxDebugger_299_c5a8d7632cc3c278b868.boxes2D.json"}}, {"predictions": {"_type": "boxes2D", "sha256": "9c0b002d4a47b26be66c55bee415cf0224c7233808beee72bc4b24648c3a79b2", "size": 3317, "path": "media/metadata/boxes2D/BoundingBoxDebugger_299_9c0b002d4a47b26be66c.boxes2D.json"}}, {"predictions": {"_type": "boxes2D", "sha256": "ce19a088d609ed6b29b65a9d4dac473a5f9ec5b6c059483a4da9b588c8800388", "size": 747, "path": "media/metadata/boxes2D/BoundingBoxDebugger_299_ce19a088d609ed6b29b6.boxes2D.json"}}, {"predictions": {"_type": "boxes2D", "sha256": "ea1a2a18fc5bf663b1c8b6ee0911a3040f5c51680b5ec37ee681edb3aa04cc9c", "size": 1890, "path": "media/metadata/boxes2D/BoundingBoxDebugger_299_ea1a2a18fc5bf663b1c8.boxes2D.json"}}, {"predictions": {"_type": "boxes2D", "sha256": "85844386528ed4230476828ab1e0525afcdfea631d0c75f92cf7e76b09abc583", "size": 4230, "path": "media/metadata/boxes2D/BoundingBoxDebugger_299_85844386528ed4230476.boxes2D.json"}}, {"predictions": {"_type": "boxes2D", "sha256": "a5273f5239caba8a7034a17ec4fe04601c11128572f940f8acbaddf3f828ddcb", "size": 6004, "path": "media/metadata/boxes2D/BoundingBoxDebugger_299_a5273f5239caba8a7034.boxes2D.json"}}, {"predictions": {"_type": "boxes2D", "sha256": "23e88d03d680d5999e735afb5cae377a69e118d7349762b181bc40f066d692ff", "size": 3100, "path": "media/metadata/boxes2D/BoundingBoxDebugger_299_23e88d03d680d5999e73.boxes2D.json"}}, {"predictions": {"_type": "boxes2D", "sha256": "62325a421154ed1b6849383f30ab98fbfad981dc8c914767d43ed4cbdc41ad1c", "size": 1730, "path": "media/metadata/boxes2D/BoundingBoxDebugger_299_62325a421154ed1b6849.boxes2D.json"}}, {"predictions": {"_type": "boxes2D", "sha256": "a0d0dc0c6423140f4b5437cfe969471aa6cb2c9a1313c4cb3d14b76efcab6273", "size": 2326, "path": "media/metadata/boxes2D/BoundingBoxDebugger_299_a0d0dc0c6423140f4b54.boxes2D.json"}}]}, "Validation": {"_type": "images/separated", "width": 1152, "height": 1152, "format": "jpg", "count": 6, "filenames": ["media/images/Validation_574_dc77659948a4ce99cc29.jpg", "media/images/Validation_574_f2670197e05cc947c8dc.jpg", "media/images/Validation_574_b9b321b42bce2ad2be7f.jpg", "media/images/Validation_574_8506c55c4b54ece1dad3.jpg", "media/images/Validation_574_b2e4c43af5f5d82e2f74.jpg", "media/images/Validation_574_f029207a5381bfc6aa7c.jpg"], "captions": ["val_batch0_labels.jpg", "val_batch0_pred.jpg", "val_batch1_labels.jpg", "val_batch1_pred.jpg", "val_batch2_labels.jpg", "val_batch2_pred.jpg"]}, "Results": {"_type": "images/separated", "width": 2400, "height": 1200, "format": "png", "count": 6, "filenames": ["media/images/Results_574_425cd4cfe7712ca72414.png", "media/images/Results_574_194df6493b42298e37cf.png", "media/images/Results_574_0fcbe9745fa41b1a22e7.png", "media/images/Results_574_306536b523a60051c1bd.png", "media/images/Results_574_eceb3376c9d722b50c59.png", "media/images/Results_574_3115a8c0521c76409ea9.png"], "captions": ["results.png", "confusion_matrix.png", "F1_curve.png", "PR_curve.png", "P_curve.png", "R_curve.png"]}, "_wandb": {"runtime": 207565}}